Episode,timestep,reward1,reward2
3594,3600,-25.1849,25.1849
7194,7200,432.768,-432.768
10794,10800,-75.6509,75.6509
14393,14400,52.1607,-52.1607
17991,18000,135.6846,-135.6846
21583,21600,146.3637,-146.3637
25180,25200,-226.6907,226.6907
28777,28800,-22.4719,22.4719
32373,32400,-78.4148,78.4148
35971,36000,518.3892,-518.3892
39571,39600,367.225,-367.225
43167,43200,-82.285,82.285
46765,46800,-543.0458,543.0458
50362,50400,-178.4727,178.4727
53961,54000,-110.5702,110.5702
57555,57600,-247.1418,247.1418
61152,61200,-64.6659,64.6659
64747,64800,36.6307,-36.6307
68345,68400,283.2807,-283.2807
71934,72000,-182.0783,182.0783
75532,75600,149.8216,-149.8216
79130,79200,55.0717,-55.0717
82730,82800,7.6939,-7.6939
86330,86400,-140.2456,140.2456
89930,90000,50.666,-50.666
93525,93600,-248.8813,248.8813
97123,97200,-320.5619,320.5619
100719,100800,-394.7344,394.7344
104318,104400,475.8153,-475.8153
107918,108000,-291.9129,291.9129
111513,111600,203.9725,-203.9725
115110,115200,-85.0993,85.0993
118709,118800,-373.5096,373.5096
122306,122400,278.8851,-278.8851
125905,126000,202.1295,-202.1295
129502,129600,532.2676,-532.2676
133100,133200,122.9662,-122.9662
136698,136800,-93.4813,93.4813
140297,140400,322.0115,-322.0115
143896,144000,-238.8868,238.8868
147494,147600,-160.6232,160.6232
151088,151200,-188.0441,188.0441
154682,154800,-304.7662,304.7662
158278,158400,173.3196,-173.3196
161875,162000,-472.7343,472.7343
165473,165600,-157.5428,157.5428
169069,169200,109.4136,-109.4136
172665,172800,287.9252,-287.9252
176262,176400,-141.6319,141.6319
179859,180000,-83.5589,83.5589
183456,183600,312.1868,-312.1868
187053,187200,-357.8453,357.8453
190651,190800,276.168,-276.168
194250,194400,-343.0459,343.0459
197849,198000,172.71,-172.71
201447,201600,433.0537,-433.0537
205043,205200,57.2902,-57.2902
208641,208800,-660.1543,660.1543
212240,212400,-336.1547,336.1547
215834,216000,349.8888,-349.8888
219430,219600,-8.6632,8.6632
223028,223200,-20.9563,20.9563
226626,226800,128.365,-128.365
230226,230400,60.7989,-60.7989
233824,234000,494.7818,-494.7818
237420,237600,-67.3008,67.3008
241019,241200,91.7013,-91.7013
244615,244800,-76.6652,76.6652
248209,248400,388.4356,-388.4356
251805,252000,-245.4967,245.4967
255405,255600,517.4485,-517.4485
259003,259200,259.2003,-259.2003
262600,262800,-120.2901,120.2901
266197,266400,-204.7447,204.7447
269794,270000,151.1452,-151.1452
273390,273600,-145.1208,145.1208
276983,277200,379.9992,-379.9992
280580,280800,104.3808,-104.3808
284177,284400,-382.0307,382.0307
287774,288000,43.8668,-43.8668
291372,291600,-443.4903,443.4903
294970,295200,-91.7874,91.7874
298567,298800,529.3541,-529.3541
302160,302400,4.342,-4.342
305756,306000,-34.3647,34.3647
309354,309600,181.767,-181.767
312953,313200,-414.3542,414.3542
316549,316800,-141.2898,141.2898
320147,320400,-68.9624,68.9624
323744,324000,505.444,-505.444
327343,327600,-417.9196,417.9196
330938,331200,-278.7626,278.7626
334536,334800,-241.3729,241.3729
338131,338400,135.6232,-135.6232
341728,342000,-333.2914,333.2914
345327,345600,159.6472,-159.6472
348926,349200,-218.0852,218.0852
352524,352800,217.669,-217.669
356122,356400,91.5545,-91.5545
359722,360000,513.5839,-513.5839
363321,363600,-83.4198,83.4198
366920,367200,-225.8918,225.8918
370517,370800,39.0446,-39.0446
374115,374400,385.6843,-385.6843
377715,378000,-136.4491,136.4491
381313,381600,0.5173,-0.5173
384912,385200,517.243,-517.243
388509,388800,319.6877,-319.6877
392106,392400,-81.108,81.108
395701,396000,-167.796,167.796
399298,399600,-389.7853,389.7853
402893,403200,-190.3607,190.3607
406489,406800,-263.8758,263.8758
410088,410400,-405.9515,405.9515
413687,414000,-106.0037,106.0037
417283,417600,-163.0739,163.0739
420879,421200,258.0473,-258.0473
424478,424800,422.4717,-422.4717
428078,428400,-224.024,224.024
431674,432000,-358.2764,358.2764
435272,435600,76.5744,-76.5744
438868,439200,179.4346,-179.4346
442467,442800,403.9247,-403.9247
446066,446400,-508.7831,508.7831
449660,450000,5.3227,-5.3227
453257,453600,380.0495,-380.0495
456856,457200,246.312,-246.312
460454,460800,419.5409,-419.5409
464052,464400,136.0812,-136.0812
467649,468000,373.3415,-373.3415
471243,471600,136.7505,-136.7505
474840,475200,-211.6246,211.6246
478438,478800,-26.5049,26.5049
482038,482400,178.4773,-178.4773
485636,486000,54.8154,-54.8154
489235,489600,328.2151,-328.2151
492831,493200,-243.9128,243.9128
496426,496800,-154.5158,154.5158
500026,500400,464.7545,-464.7545
503618,504000,-347.6433,347.6433
507218,507600,-189.5339,189.5339
510816,511200,-119.0637,119.0637
514415,514800,-639.3796,639.3796
518012,518400,67.8324,-67.8324
521605,522000,-75.4269,75.4269
525205,525600,-3.5544,3.5544
528798,529200,-132.2008,132.2008
532395,532800,-13.823,13.823
535991,536400,340.9401,-340.9401
539588,540000,-250.3938,250.3938
543185,543600,487.7536,-487.7536
546779,547200,-180.6308,180.6308
550377,550800,-50.0513,50.0513
553974,554400,84.7944,-84.7944
557573,558000,-144.5728,144.5728
561171,561600,305.7706,-305.7706
564768,565200,61.244,-61.244
568365,568800,-110.3891,110.3891
571960,572400,193.6433,-193.6433
575557,576000,-580.8471,580.8471
579155,579600,15.7982,-15.7982
582751,583200,-589.0815,589.0815
586347,586800,-443.063,443.063
589944,590400,126.0696,-126.0696
593540,594000,5.0962,-5.0962
597137,597600,307.2766,-307.2766
600734,601200,93.1558,-93.1558
604329,604800,-2.5247,2.5247
607929,608400,-206.412,206.412
611525,612000,135.5406,-135.5406
615123,615600,180.0441,-180.0441
618722,619200,321.542,-321.542
622317,622800,-172.257,172.257
625914,626400,599.4003,-599.4003
629510,630000,521.3986,-521.3986
633106,633600,304.7829,-304.7829
636701,637200,121.8482,-121.8482
640300,640800,-393.0825,393.0825
643894,644400,-643.9995,643.9995
647491,648000,-296.3922,296.3922
651089,651600,-274.8588,274.8588
654684,655200,-196.7805,196.7805
658282,658800,405.5357,-405.5357
661876,662400,-96.2162,96.2162
665473,666000,46.0487,-46.0487
669072,669600,-473.0584,473.0584
672671,673200,-9.3649,9.3649
676268,676800,-518.1947,518.1947
679863,680400,-441.3156,441.3156
683462,684000,185.3744,-185.3744
687056,687600,60.4475,-60.4475
690655,691200,451.0673,-451.0673
694253,694800,-458.0873,458.0873
697851,698400,81.9265,-81.9265
701447,702000,312.1649,-312.1649
705045,705600,-145.1932,145.1932
708640,709200,-219.4308,219.4308
712237,712800,424.5504,-424.5504
715836,716400,-116.4884,116.4884
719435,720000,469.6434,-469.6434
723032,723600,-42.9913,42.9913
726627,727200,282.3793,-282.3793
730218,730800,198.9204,-198.9204
733814,734400,306.9898,-306.9898
737413,738000,292.7407,-292.7407
741009,741600,194.7374,-194.7374
744604,745200,10.6849,-10.6849
748196,748800,203.7634,-203.7634
751793,752400,256.0248,-256.0248
755393,756000,339.5977,-339.5977
758990,759600,414.6814,-414.6814
762588,763200,246.4794,-246.4794
766188,766800,310.9653,-310.9653
769786,770400,-71.3215,71.3215
773385,774000,649.2034,-649.2034
776977,777600,149.9744,-149.9744
780573,781200,-152.2679,152.2679
784171,784800,-136.5816,136.5816
787768,788400,15.8532,-15.8532
791367,792000,371.9684,-371.9684
794965,795600,374.5497,-374.5497
798561,799200,120.1266,-120.1266
802159,802800,-277.5531,277.5531
805757,806400,463.3959,-463.3959
809355,810000,-590.6819,590.6819
812947,813600,-153.5087,153.5087
816546,817200,123.2775,-123.2775
820143,820800,120.7217,-120.7217
823739,824400,187.1464,-187.1464
827337,828000,-603.0483,603.0483
830936,831600,71.304,-71.304
834530,835200,302.6386,-302.6386
838129,838800,-505.2145,505.2145
841728,842400,-97.1086,97.1086
845325,846000,303.4213,-303.4213
848921,849600,-331.6055,331.6055
852517,853200,412.4963,-412.4963
856116,856800,200.374,-200.374
859714,860400,390.1183,-390.1183
863307,864000,-303.3636,303.3636
866902,867600,324.8351,-324.8351
870499,871200,-50.0474,50.0474
874091,874800,-80.9174,80.9174
877687,878400,567.8186,-567.8186
881280,882000,-46.2936,46.2936
884878,885600,469.1253,-469.1253
888477,889200,688.6328,-688.6328
892074,892800,608.3876,-608.3876
895672,896400,292.9682,-292.9682
899270,900000,164.1663,-164.1663
902870,903600,-457.0828,457.0828
906469,907200,-45.3807,45.3807
910064,910800,-458.3902,458.3902
913664,914400,-42.8084,42.8084
917262,918000,-308.5732,308.5732
920861,921600,133.8328,-133.8328
924460,925200,-504.3548,504.3548
928057,928800,-425.6647,425.6647
931654,932400,66.4989,-66.4989
935251,936000,-167.6739,167.6739
938847,939600,-324.7415,324.7415
942443,943200,212.9024,-212.9024
946041,946800,415.9588,-415.9588
949638,950400,-339.159,339.159
953237,954000,-44.1283,44.1283
956834,957600,171.2905,-171.2905
960431,961200,-449.6581,449.6581
964030,964800,-229.7218,229.7218
967625,968400,460.2749,-460.2749
971223,972000,-146.9018,146.9018
974820,975600,-242.9045,242.9045
978414,979200,394.3114,-394.3114
982011,982800,68.9169,-68.9169
985606,986400,249.1287,-249.1287
989201,990000,-142.5896,142.5896
992800,993600,-492.3851,492.3851
996399,997200,48.2109,-48.2109
999997,1000800,-402.402,402.402
1003595,1004400,-224.4474,224.4474
1007189,1008000,163.0728,-163.0728
1010785,1011600,243.9541,-243.9541
1014382,1015200,543.359,-543.359
1017975,1018800,387.5207,-387.5207
1021575,1022400,-250.166,250.166
1025171,1026000,129.8162,-129.8162
1028769,1029600,39.2606,-39.2606
1032365,1033200,323.1499,-323.1499
1035961,1036800,413.7167,-413.7167
1039554,1040400,165.4607,-165.4607
1043153,1044000,-170.2482,170.2482
1046751,1047600,-375.7637,375.7637
1050344,1051200,243.1085,-243.1085
1053937,1054800,188.7576,-188.7576
1057532,1058400,155.5403,-155.5403
1061130,1062000,314.417,-314.417
1064726,1065600,223.3502,-223.3502
1068322,1069200,-45.2111,45.2111
1071919,1072800,-184.6987,184.6987
1075517,1076400,18.3358,-18.3358
1079114,1080000,95.2012,-95.2012
1082710,1083600,532.4419,-532.4419
1086307,1087200,417.3966,-417.3966
1089904,1090800,-257.1955,257.1955
1093504,1094400,-28.1915,28.1915
1097102,1098000,-286.1618,286.1618
1100700,1101600,-566.3665,566.3665
1104297,1105200,-539.2569,539.2569
1107894,1108800,133.9701,-133.9701
1111493,1112400,-441.0431,441.0431
1115090,1116000,-48.089,48.089
1118687,1119600,4.3245,-4.3245
1122287,1123200,-281.494,281.494
1125887,1126800,223.3618,-223.3618
1129486,1130400,-732.006,732.006
1133079,1134000,-98.4589,98.4589
1136673,1137600,11.3121,-11.3121
1140270,1141200,452.3868,-452.3868
1143868,1144800,33.9407,-33.9407
1147463,1148400,-110.6011,110.6011
1151059,1152000,-41.0912,41.0912
1154656,1155600,279.7561,-279.7561
1158250,1159200,181.4376,-181.4376
1161844,1162800,-424.3083,424.3083
1165442,1166400,93.6695,-93.6695
1169040,1170000,-242.1725,242.1725
1172637,1173600,369.9168,-369.9168
1176234,1177200,-277.5201,277.5201
1179829,1180800,47.7481,-47.7481
1183426,1184400,278.4917,-278.4917
1187014,1188000,-115.2054,115.2054
1190608,1191600,159.1105,-159.1105
1194208,1195200,401.0926,-401.0926
1197805,1198800,331.161,-331.161
1201403,1202400,-462.3579,462.3579
1204997,1206000,-314.1425,314.1425
1208591,1209600,-236.6951,236.6951
1212188,1213200,-0.7742,0.7742
1215786,1216800,-162.2045,162.2045
1219378,1220400,-43.2406,43.2406
1222976,1224000,-228.4943,228.4943
1226574,1227600,-296.8288,296.8288
1230169,1231200,271.975,-271.975
1233763,1234800,-541.1134,541.1134
1237359,1238400,57.1179,-57.1179
1240956,1242000,-123.2794,123.2794
1244551,1245600,-242.762,242.762
1248150,1249200,-233.5797,233.5797
1251744,1252800,159.7564,-159.7564
1255339,1256400,260.5709,-260.5709
1258939,1260000,825.5221,-825.5221
1262538,1263600,291.2221,-291.2221
1266130,1267200,-601.4001,601.4001
1269724,1270800,-72.0564,72.0564
1273323,1274400,173.4966,-173.4966
1276923,1278000,45.4787,-45.4787
1280520,1281600,-418.8376,418.8376
1284113,1285200,71.6752,-71.6752
1287711,1288800,-166.7738,166.7738
1291302,1292400,67.3581,-67.3581
1294899,1296000,-25.0828,25.0828
1298494,1299600,191.52,-191.52
1302093,1303200,169.2494,-169.2494
1305685,1306800,-407.387,407.387
1309284,1310400,-64.0272,64.0272
1312878,1314000,-29.2062,29.2062
1316474,1317600,-144.0075,144.0075
1320070,1321200,281.7649,-281.7649
1323665,1324800,95.8439,-95.8439
1327261,1328400,162.2805,-162.2805
1330861,1332000,-20.7895,20.7895
1334458,1335600,-189.1033,189.1033
1338056,1339200,326.3708,-326.3708
1341654,1342800,251.055,-251.055
1345251,1346400,90.4562,-90.4562
1348843,1350000,207.3315,-207.3315
1352442,1353600,396.6255,-396.6255
1356038,1357200,-7.7812,7.7812
1359634,1360800,300.1601,-300.1601
1363232,1364400,-113.6128,113.6128
1366830,1368000,135.5933,-135.5933
1370426,1371600,331.1347,-331.1347
1374025,1375200,-242.8505,242.8505
1377624,1378800,-540.8508,540.8508
1381222,1382400,-679.9587,679.9587
1384818,1386000,-167.4899,167.4899
1388417,1389600,-373.6562,373.6562
1392016,1393200,-350.6925,350.6925
1395613,1396800,260.315,-260.315
1399209,1400400,298.2631,-298.2631
1402809,1404000,371.5647,-371.5647
1406408,1407600,-169.9017,169.9017
1410007,1411200,-138.8534,138.8534
1413606,1414800,-185.8792,185.8792
1417205,1418400,-84.419,84.419
1420803,1422000,33.5175,-33.5175
1424402,1425600,-498.1086,498.1086
1427996,1429200,189.5906,-189.5906
1431591,1432800,102.7251,-102.7251
1435191,1436400,225.8759,-225.8759
1438789,1440000,185.1735,-185.1735
1442389,1443600,215.3643,-215.3643
1445986,1447200,205.7398,-205.7398
1449580,1450800,-105.8545,105.8545
1453174,1454400,60.2812,-60.2812
1456769,1458000,49.9963,-49.9963
1460364,1461600,-258.9067,258.9067
1463958,1465200,-100.2446,100.2446
1467555,1468800,241.2896,-241.2896
1471150,1472400,-242.3553,242.3553
1474743,1476000,-54.0089,54.0089
1478341,1479600,217.6885,-217.6885
1481938,1483200,15.0625,-15.0625
1485534,1486800,-4.6367,4.6367
1489133,1490400,-93.5688,93.5688
1492729,1494000,-267.5858,267.5858
1496329,1497600,-588.3602,588.3602
1499924,1501200,-31.9023,31.9023
1503521,1504800,158.9692,-158.9692
1507118,1508400,-318.1742,318.1742
1510718,1512000,50.7257,-50.7257
1514315,1515600,-277.0356,277.0356
1517911,1519200,29.3748,-29.3748
1521502,1522800,59.9603,-59.9603
1525098,1526400,-368.3797,368.3797
1528697,1530000,111.7296,-111.7296
1532294,1533600,-383.1537,383.1537
1535892,1537200,-568.9491,568.9491
1539489,1540800,13.4162,-13.4162
1543088,1544400,-215.3289,215.3289
1546688,1548000,-436.4128,436.4128
1550283,1551600,225.1388,-225.1388
1553880,1555200,495.4468,-495.4468
1557477,1558800,-220.9106,220.9106
1561072,1562400,157.0305,-157.0305
1564670,1566000,88.0308,-88.0308
1568265,1569600,367.857,-367.857
1571860,1573200,42.7733,-42.7733
1575458,1576800,-53.1557,53.1557
1579054,1580400,294.9546,-294.9546
1582652,1584000,-165.8241,165.8241
1586248,1587600,-411.2025,411.2025
1589846,1591200,83.7143,-83.7143
1593443,1594800,96.8765,-96.8765
1597040,1598400,-72.3932,72.3932
1600635,1602000,21.9132,-21.9132
1604234,1605600,489.5698,-489.5698
1607830,1609200,367.2723,-367.2723
1611429,1612800,94.5474,-94.5474
1615025,1616400,489.4261,-489.4261
1618621,1620000,-88.3216,88.3216
1622220,1623600,-154.4745,154.4745
1625817,1627200,149.463,-149.463
1629417,1630800,-279.8444,279.8444
1633015,1634400,-430.118,430.118
1636612,1638000,188.6355,-188.6355
1640211,1641600,-81.1028,81.1028
1643804,1645200,446.3529,-446.3529
1647402,1648800,814.6831,-814.6831
1650997,1652400,-30.6045,30.6045
1654592,1656000,-181.3986,181.3986
1658185,1659600,-49.9599,49.9599
1661785,1663200,-192.5018,192.5018
1665382,1666800,-313.4196,313.4196
1668980,1670400,205.4152,-205.4152
1672577,1674000,333.4614,-333.4614
1676174,1677600,-235.8119,235.8119
1679773,1681200,-91.5173,91.5173
1683373,1684800,-516.5894,516.5894
1686971,1688400,-259.1087,259.1087
1690570,1692000,167.3657,-167.3657
1694163,1695600,-30.587,30.587
1697761,1699200,-27.5048,27.5048
1701357,1702800,140.7824,-140.7824
1704954,1706400,149.9797,-149.9797
1708549,1710000,448.8285,-448.8285
1712146,1713600,-79.0107,79.0107
1715745,1717200,-265.3376,265.3376
1719344,1720800,-610.4692,610.4692
1722937,1724400,-375.2472,375.2472
1726532,1728000,280.641,-280.641
1730132,1731600,87.3335,-87.3335
1733730,1735200,-413.9396,413.9396
1737322,1738800,220.385,-220.385
1740916,1742400,27.3252,-27.3252
1744514,1746000,310.8758,-310.8758
1748112,1749600,-273.2588,273.2588
1751710,1753200,144.675,-144.675
1755306,1756800,256.0247,-256.0247
1758904,1760400,195.3144,-195.3144
1762502,1764000,549.277,-549.277
1766098,1767600,-526.2217,526.2217
1769693,1771200,-263.9652,263.9652
1773289,1774800,458.7249,-458.7249
1776884,1778400,-60.4616,60.4616
1780479,1782000,-601.8144,601.8144
1784074,1785600,241.0326,-241.0326
1787670,1789200,-276.881,276.881
1791267,1792800,-230.4288,230.4288
1794858,1796400,81.0082,-81.0082
1798454,1800000,-293.0339,293.0339
1802053,1803600,131.5065,-131.5065
1805649,1807200,421.9218,-421.9218
1809246,1810800,430.8112,-430.8112
1812844,1814400,436.987,-436.987
1816440,1818000,186.5348,-186.5348
1820039,1821600,-459.8346,459.8346
1823635,1825200,295.663,-295.663
1827234,1828800,-137.9403,137.9403
1830828,1832400,-105.1253,105.1253
1834426,1836000,-27.9715,27.9715
1838024,1839600,-213.3201,213.3201
1841622,1843200,-537.0119,537.0119
1845216,1846800,-285.6367,285.6367
1848814,1850400,-36.5081,36.5081
1852411,1854000,-194.6704,194.6704
1856007,1857600,174.7797,-174.7797
1859606,1861200,-44.6681,44.6681
1863204,1864800,-219.0029,219.0029
1866800,1868400,-203.8955,203.8955
1870395,1872000,282.4893,-282.4893
1873991,1875600,241.5456,-241.5456
1877588,1879200,-22.4316,22.4316
1881183,1882800,-489.1914,489.1914
1884779,1886400,272.2411,-272.2411
1888377,1890000,-24.0972,24.0972
1891972,1893600,10.8279,-10.8279
1895564,1897200,-359.7656,359.7656
1899159,1900800,-266.837,266.837
1902756,1904400,59.5162,-59.5162
1906352,1908000,42.0783,-42.0783
1909950,1911600,492.6225,-492.6225
1913544,1915200,218.1992,-218.1992
1917142,1918800,-284.3973,284.3973
1920742,1922400,210.1917,-210.1917
1924342,1926000,-538.5014,538.5014
1927940,1929600,105.5371,-105.5371
1931536,1933200,-449.1576,449.1576
1935133,1936800,-101.6424,101.6424
1938730,1940400,-89.5473,89.5473
1942327,1944000,273.4552,-273.4552
1945921,1947600,-91.3306,91.3306
1949515,1951200,106.9205,-106.9205
1953115,1954800,-674.34,674.34
1956713,1958400,-91.785,91.785
1960306,1962000,208.7144,-208.7144
1963903,1965600,-326.5295,326.5295
1967498,1969200,417.8105,-417.8105
1971097,1972800,160.9391,-160.9391
1974689,1976400,307.2539,-307.2539
1978287,1980000,-384.3749,384.3749
1981881,1983600,-111.0869,111.0869
1985477,1987200,-257.9695,257.9695
1989072,1990800,12.6606,-12.6606
1992670,1994400,-462.8602,462.8602
1996269,1998000,316.8242,-316.8242
1999867,2001600,-286.3882,286.3882
2003462,2005200,-24.7865,24.7865
2007060,2008800,9.8208,-9.8208
2010657,2012400,476.5446,-476.5446
2014254,2016000,-454.8942,454.8942
2017850,2019600,185.3764,-185.3764
2021448,2023200,190.1123,-190.1123
2025042,2026800,-290.3186,290.3186
2028640,2030400,110.6705,-110.6705
2032236,2034000,124.4402,-124.4402
2035833,2037600,33.2572,-33.2572
2039430,2041200,-320.2779,320.2779
2043029,2044800,-47.6935,47.6935
2046626,2048400,-172.0882,172.0882
2050224,2052000,-17.0188,17.0188
2053818,2055600,-77.8434,77.8434
2057412,2059200,377.2045,-377.2045
2061009,2062800,-229.0349,229.0349
2064603,2066400,-511.4617,511.4617
2068198,2070000,-426.0375,426.0375
2071796,2073600,422.6169,-422.6169
2075394,2077200,327.7679,-327.7679
2078993,2080800,237.9982,-237.9982
2082588,2084400,273.3763,-273.3763
2086182,2088000,-87.6556,87.6556
2089778,2091600,10.0631,-10.0631
2093375,2095200,109.5936,-109.5936
2096969,2098800,-30.4289,30.4289
2100563,2102400,126.7853,-126.7853
2104158,2106000,695.0413,-695.0413
2107755,2109600,-3.5508,3.5508
2111352,2113200,-137.8732,137.8732
2114946,2116800,35.1236,-35.1236
2118542,2120400,333.5563,-333.5563
2122140,2124000,137.9,-137.9
2125737,2127600,109.65,-109.65
2129334,2131200,-258.2005,258.2005
2132931,2134800,324.5748,-324.5748
2136528,2138400,115.8259,-115.8259
2140126,2142000,361.4515,-361.4515
2143722,2145600,-125.9476,125.9476
2147322,2149200,-692.0965,692.0965
2150918,2152800,315.6625,-315.6625
2154516,2156400,-337.1079,337.1079
2158113,2160000,-110.8421,110.8421
2161712,2163600,-767.3069,767.3069
2165309,2167200,-284.5449,284.5449
2168904,2170800,-151.187,151.187
2172499,2174400,65.7824,-65.7824
2176097,2178000,538.0036,-538.0036
2179692,2181600,367.0298,-367.0298
2183289,2185200,52.8259,-52.8259
2186889,2188800,186.9115,-186.9115
2190486,2192400,16.7835,-16.7835
2194083,2196000,-136.1832,136.1832
2197681,2199600,-736.4012,736.4012
2201274,2203200,75.6443,-75.6443
2204871,2206800,152.3294,-152.3294
2208467,2210400,15.9019,-15.9019
2212063,2214000,170.752,-170.752
2215662,2217600,-36.7727,36.7727
2219261,2221200,-306.4265,306.4265
2222860,2224800,7.4779,-7.4779
2226460,2228400,373.535,-373.535
2230057,2232000,-30.6884,30.6884
2233650,2235600,-157.3266,157.3266
2237249,2239200,716.6331,-716.6331
2240842,2242800,73.6519,-73.6519
2244439,2246400,270.2501,-270.2501
2248038,2250000,14.5197,-14.5197
2251636,2253600,63.1265,-63.1265
2255230,2257200,437.3723,-437.3723
2258823,2260800,-19.5405,19.5405
2262419,2264400,580.4462,-580.4462
2266018,2268000,237.82,-237.82
2269615,2271600,527.9641,-527.9641
2273209,2275200,-252.2893,252.2893
2276806,2278800,-499.396,499.396
2280400,2282400,115.7201,-115.7201
2283993,2286000,-329.3931,329.3931
2287587,2289600,45.5575,-45.5575
2291186,2293200,-17.2921,17.2921
2294785,2296800,137.3293,-137.3293
2298384,2300400,-368.4893,368.4893
2301982,2304000,380.5115,-380.5115
2305581,2307600,375.192,-375.192
2309176,2311200,-374.9522,374.9522
2312772,2314800,321.6747,-321.6747
2316367,2318400,361.2896,-361.2896
2319963,2322000,-131.7459,131.7459
2323559,2325600,302.5246,-302.5246
2327156,2329200,-258.1755,258.1755
2330756,2332800,122.6737,-122.6737
2334352,2336400,66.2891,-66.2891
2337946,2340000,160.6354,-160.6354
2341542,2343600,205.3525,-205.3525
2345139,2347200,-191.6233,191.6233
2348731,2350800,-43.4796,43.4796
2352324,2354400,-397.7035,397.7035
2355923,2358000,-306.6961,306.6961
2359521,2361600,375.7759,-375.7759
2363115,2365200,-170.9789,170.9789
2366708,2368800,-320.9832,320.9832
2370303,2372400,-213.3896,213.3896
2373902,2376000,-251.4377,251.4377
2377501,2379600,-257.7601,257.7601
2381094,2383200,-49.0849,49.0849
2384690,2386800,380.7069,-380.7069
2388288,2390400,80.6542,-80.6542
2391883,2394000,152.9611,-152.9611
2395478,2397600,-272.2131,272.2131
2399077,2401200,834.1662,-834.1662
2402672,2404800,274.0923,-274.0923
2406268,2408400,41.8803,-41.8803
2409866,2412000,150.7039,-150.7039
2413466,2415600,350.332,-350.332
2417060,2419200,626.7413,-626.7413
2420658,2422800,-197.5953,197.5953
2424258,2426400,-533.2176,533.2176
2427856,2430000,-615.3206,615.3206
2431456,2433600,255.3535,-255.3535
2435048,2437200,209.3721,-209.3721
2438641,2440800,126.1409,-126.1409
2442240,2444400,483.7504,-483.7504
2445834,2448000,-193.1883,193.1883
2449427,2451600,-85.7078,85.7078
2453026,2455200,56.7963,-56.7963
2456619,2458800,-46.5296,46.5296
2460215,2462400,137.0006,-137.0006
2463814,2466000,552.9492,-552.9492
2467412,2469600,276.3117,-276.3117
2471006,2473200,156.8262,-156.8262
2474597,2476800,262.962,-262.962
2478193,2480400,64.7883,-64.7883
2481790,2484000,291.8166,-291.8166
2485386,2487600,-183.851,183.851
2488981,2491200,68.3221,-68.3221
2492578,2494800,196.365,-196.365
2496174,2498400,-34.3964,34.3964
2499774,2502000,-127.8764,127.8764
2503372,2505600,170.2936,-170.2936
2506971,2509200,16.0193,-16.0193
2510560,2512800,-24.685,24.685
2514154,2516400,308.8388,-308.8388
2517749,2520000,-398.4236,398.4236
2521344,2523600,-320.1244,320.1244
2524942,2527200,277.2137,-277.2137
2528540,2530800,240.8593,-240.8593
2532139,2534400,-645.6052,645.6052
2535732,2538000,-366.6513,366.6513
2539328,2541600,-302.1516,302.1516
2542926,2545200,7.0951,-7.0951
2546524,2548800,314.4979,-314.4979
2550120,2552400,274.1351,-274.1351
2553716,2556000,-144.4076,144.4076
2557314,2559600,-415.304,415.304
2560913,2563200,63.9568,-63.9568
2564509,2566800,202.833,-202.833
2568105,2570400,399.6651,-399.6651
2571701,2574000,-90.6706,90.6706
2575299,2577600,552.2675,-552.2675
2578898,2581200,465.8206,-465.8206
2582497,2584800,87.5467,-87.5467
2586094,2588400,-225.3773,225.3773
2589691,2592000,-476.6967,476.6967
2593286,2595600,-389.4098,389.4098
2596881,2599200,-143.1667,143.1667
2600478,2602800,195.7183,-195.7183
2604076,2606400,315.4913,-315.4913
2607670,2610000,-331.7981,331.7981
2611266,2613600,-125.3134,125.3134
2614860,2617200,-151.2124,151.2124
2618454,2620800,-24.3806,24.3806
2622051,2624400,218.8747,-218.8747
2625651,2628000,537.7529,-537.7529
2629247,2631600,123.4412,-123.4412
2632844,2635200,45.1121,-45.1121
2636442,2638800,-115.7699,115.7699
2640038,2642400,-596.8351,596.8351
2643630,2646000,103.9246,-103.9246
2647221,2649600,-171.6873,171.6873
2650815,2653200,188.7785,-188.7785
2654413,2656800,-205.3922,205.3922
2658012,2660400,101.0567,-101.0567
2661610,2664000,-128.3802,128.3802
2665206,2667600,317.9208,-317.9208
2668804,2671200,-491.1646,491.1646
2672400,2674800,4.0506,-4.0506
2675996,2678400,-319.1814,319.1814
2679593,2682000,56.9386,-56.9386
2683190,2685600,324.4216,-324.4216
2686789,2689200,121.1761,-121.1761
2690382,2692800,164.7335,-164.7335
2693976,2696400,174.8513,-174.8513
2697571,2700000,23.0624,-23.0624
2701171,2703600,298.188,-298.188
2704769,2707200,116.2353,-116.2353
2708367,2710800,109.4546,-109.4546
2711965,2714400,-27.48,27.48
2715562,2718000,261.9346,-261.9346
2719159,2721600,40.9757,-40.9757
2722752,2725200,55.3933,-55.3933
2726351,2728800,153.8274,-153.8274
2729942,2732400,265.5361,-265.5361
2733539,2736000,174.6951,-174.6951
2737137,2739600,-201.0789,201.0789
2740734,2743200,-96.5224,96.5224
2744329,2746800,-278.6796,278.6796
2747927,2750400,-358.7269,358.7269
2751526,2754000,161.9208,-161.9208
2755123,2757600,-110.9121,110.9121
2758722,2761200,-88.9653,88.9653
2762318,2764800,-219.711,219.711
2765911,2768400,192.7099,-192.7099
2769508,2772000,-169.3419,169.3419
2773102,2775600,-477.9963,477.9963
2776699,2779200,20.7183,-20.7183
2780297,2782800,603.8692,-603.8692
2783891,2786400,-179.6292,179.6292
2787488,2790000,-440.7232,440.7232
2791086,2793600,-410.8951,410.8951
2794681,2797200,39.7494,-39.7494
2798280,2800800,230.5096,-230.5096
2801878,2804400,229.9853,-229.9853
2805474,2808000,559.458,-559.458
2809063,2811600,43.013,-43.013
2812663,2815200,818.3354,-818.3354
2816257,2818800,133.6144,-133.6144
2819853,2822400,-268.4479,268.4479
2823452,2826000,93.7354,-93.7354
2827047,2829600,-72.2949,72.2949
2830641,2833200,148.9871,-148.9871
2834235,2836800,-81.3743,81.3743
2837834,2840400,-237.1097,237.1097
2841431,2844000,-68.31,68.31
2845025,2847600,305.4541,-305.4541
2848618,2851200,163.0451,-163.0451
2852213,2854800,-45.7866,45.7866
2855809,2858400,-473.508,473.508
2859405,2862000,393.7198,-393.7198
2863004,2865600,792.5526,-792.5526
2866603,2869200,-196.6111,196.6111
2870197,2872800,29.5608,-29.5608
2873791,2876400,19.0204,-19.0204
2877387,2880000,83.9602,-83.9602
2880984,2883600,164.5007,-164.5007
2884581,2887200,282.6479,-282.6479
2888175,2890800,93.1484,-93.1484
2891771,2894400,-203.9765,203.9765
2895368,2898000,-235.207,235.207
2898965,2901600,-182.4079,182.4079
2902563,2905200,-209.2236,209.2236
2906162,2908800,-307.0389,307.0389
2909760,2912400,-351.1184,351.1184
2913358,2916000,244.7931,-244.7931
2916954,2919600,-204.6507,204.6507
2920549,2923200,-171.1303,171.1303
2924144,2926800,-424.9124,424.9124
2927744,2930400,-359.2078,359.2078
2931341,2934000,-422.4558,422.4558
2934938,2937600,-262.2262,262.2262
2938531,2941200,200.1688,-200.1688
2942127,2944800,-169.1828,169.1828
2945726,2948400,57.6767,-57.6767
2949325,2952000,435.4841,-435.4841
2952924,2955600,178.721,-178.721
2956517,2959200,-664.4252,664.4252
2960114,2962800,-306.4941,306.4941
2963711,2966400,-91.1214,91.1214
2967304,2970000,131.5239,-131.5239
2970904,2973600,42.6712,-42.6712
2974502,2977200,526.7995,-526.7995
2978098,2980800,181.4802,-181.4802
2981692,2984400,336.5045,-336.5045
2985288,2988000,-330.3225,330.3225
2988879,2991600,-94.1432,94.1432
2992472,2995200,-462.3149,462.3149
2996066,2998800,254.8333,-254.8333
2999664,3002400,480.6605,-480.6605
3003263,3006000,-169.5825,169.5825
3006859,3009600,348.5079,-348.5079
3010454,3013200,-96.8985,96.8985
3014051,3016800,-52.3241,52.3241
3017648,3020400,-120.3349,120.3349
3021246,3024000,-315.7179,315.7179
3024845,3027600,-224.7568,224.7568
3028439,3031200,76.7188,-76.7188
3032035,3034800,191.9389,-191.9389
3035631,3038400,412.178,-412.178
3039222,3042000,201.165,-201.165
3042818,3045600,380.0511,-380.0511
3046415,3049200,-69.7558,69.7558
3050007,3052800,161.919,-161.919
3053605,3056400,425.2108,-425.2108
3057204,3060000,-322.5743,322.5743
3060803,3063600,353.1175,-353.1175
3064399,3067200,272.5692,-272.5692
3067997,3070800,213.7233,-213.7233
3071594,3074400,-32.4882,32.4882
3075188,3078000,-161.0176,161.0176
3078787,3081600,94.7796,-94.7796
3082381,3085200,64.1993,-64.1993
3085974,3088800,302.4522,-302.4522
3089569,3092400,117.7217,-117.7217
3093166,3096000,152.1794,-152.1794
3096754,3099600,287.7302,-287.7302
3100348,3103200,-38.2511,38.2511
3103945,3106800,3.4596,-3.4596
3107541,3110400,247.9499,-247.9499
3111139,3114000,-475.6595,475.6595
3114735,3117600,2.418,-2.418
3118331,3121200,-483.7731,483.7731
3121931,3124800,288.5081,-288.5081
3125530,3128400,306.7525,-306.7525
3129129,3132000,184.4818,-184.4818
3132718,3135600,21.67,-21.67
3136315,3139200,-263.626,263.626
3139914,3142800,-574.1432,574.1432
3143507,3146400,-14.1945,14.1945
3147104,3150000,134.5475,-134.5475
3150700,3153600,144.8768,-144.8768
3154296,3157200,-210.7426,210.7426
3157888,3160800,11.9049,-11.9049
3161484,3164400,-365.441,365.441
3165078,3168000,-58.2965,58.2965
3168671,3171600,-283.4738,283.4738
3172268,3175200,-325.7957,325.7957
3175863,3178800,258.1469,-258.1469
3179455,3182400,-96.619,96.619
3183054,3186000,78.2504,-78.2504
3186652,3189600,171.3334,-171.3334
3190248,3193200,-199.4016,199.4016
3193844,3196800,62.9264,-62.9264
3197443,3200400,703.2059,-703.2059
3201040,3204000,-100.4768,100.4768
3204639,3207600,405.202,-405.202
3208239,3211200,-179.6264,179.6264
3211838,3214800,-123.676,123.676
3215437,3218400,-119.1011,119.1011
3219032,3222000,308.6077,-308.6077
3222627,3225600,-267.5878,267.5878
3226216,3229200,-35.6567,35.6567
3229811,3232800,-212.73,212.73
3233407,3236400,279.2513,-279.2513
3237003,3240000,41.4482,-41.4482
3240597,3243600,361.3576,-361.3576
3244194,3247200,-76.9204,76.9204
3247789,3250800,339.2,-339.2
3251386,3254400,76.8642,-76.8642
3254984,3258000,-127.9266,127.9266
3258579,3261600,60.5595,-60.5595
3262178,3265200,123.4706,-123.4706
3265773,3268800,222.8995,-222.8995
3269368,3272400,41.3159,-41.3159
3272965,3276000,-26.3759,26.3759
3276564,3279600,-286.2821,286.2821
3280161,3283200,59.8714,-59.8714
3283751,3286800,92.9077,-92.9077
3287350,3290400,-124.1905,124.1905
3290946,3294000,-320.8966,320.8966
3294543,3297600,158.8575,-158.8575
3298135,3301200,65.9612,-65.9612
3301728,3304800,271.5253,-271.5253
3305328,3308400,-370.9442,370.9442
3308923,3312000,-95.1298,95.1298
3312520,3315600,-390.8738,390.8738
3316117,3319200,485.7095,-485.7095
3319712,3322800,-97.2525,97.2525
3323308,3326400,221.1216,-221.1216
3326896,3330000,-103.3299,103.3299
3330491,3333600,242.9583,-242.9583
3334089,3337200,-113.9061,113.9061
3337685,3340800,-148.0871,148.0871
3341282,3344400,201.8327,-201.8327
3344877,3348000,-70.8675,70.8675
3348473,3351600,-3.6523,3.6523
3352068,3355200,251.5943,-251.5943
3355665,3358800,245.3663,-245.3663
3359262,3362400,-247.9167,247.9167
3362861,3366000,-493.0634,493.0634
3366456,3369600,-275.9334,275.9334
3370047,3373200,-192.1038,192.1038
3373646,3376800,-647.6021,647.6021
3377228,3380400,-100.2695,100.2695
3380824,3384000,66.329,-66.329
3384422,3387600,-130.5706,130.5706
3388020,3391200,447.6074,-447.6074
3391619,3394800,483.5778,-483.5778
3395211,3398400,-21.295,21.295
3398808,3402000,-71.988,71.988
3402406,3405600,418.8738,-418.8738
3406003,3409200,691.5305,-691.5305
3409594,3412800,-112.7831,112.7831
3413188,3416400,-179.277,179.277
3416779,3420000,26.3178,-26.3178
3420378,3423600,-100.8855,100.8855
3423977,3427200,-420.5927,420.5927
3427570,3430800,-231.2589,231.2589
3431168,3434400,227.6041,-227.6041
3434764,3438000,-381.9762,381.9762
3438353,3441600,213.3385,-213.3385
3441946,3445200,-182.3919,182.3919
3445541,3448800,276.4595,-276.4595
3449137,3452400,583.5277,-583.5277
3452736,3456000,-191.3367,191.3367
3456335,3459600,-52.8816,52.8816
3459929,3463200,-236.4427,236.4427
3463527,3466800,19.1022,-19.1022
3467125,3470400,77.4774,-77.4774
3470725,3474000,-712.6423,712.6423
3474317,3477600,302.4388,-302.4388
3477911,3481200,259.9323,-259.9323
3481504,3484800,-54.8341,54.8341
3485104,3488400,-109.3984,109.3984
3488701,3492000,417.6525,-417.6525
3492294,3495600,-194.55,194.55
3495893,3499200,-512.1857,512.1857
3499487,3502800,-70.8512,70.8512
3503077,3506400,-38.4272,38.4272
3506669,3510000,179.5004,-179.5004
3510265,3513600,-296.7561,296.7561
3513863,3517200,-814.1177,814.1177
3517455,3520800,-326.4473,326.4473
3521052,3524400,-200.596,200.596
3524646,3528000,-550.8934,550.8934
3528242,3531600,-279.5592,279.5592
3531837,3535200,446.0727,-446.0727
3535433,3538800,-178.7142,178.7142
3539032,3542400,183.2318,-183.2318
3542628,3546000,268.18,-268.18
3546224,3549600,108.3199,-108.3199
3549822,3553200,286.4013,-286.4013
3553420,3556800,-265.2022,265.2022
3557017,3560400,-30.0636,30.0636
3560615,3564000,10.3251,-10.3251
3564214,3567600,28.0247,-28.0247
3567810,3571200,-108.7234,108.7234
3571407,3574800,384.5686,-384.5686
3575004,3578400,-195.8489,195.8489
3578598,3582000,-118.496,118.496
3582195,3585600,250.74,-250.74
3585792,3589200,-84.216,84.216
3589388,3592800,159.6981,-159.6981
3592986,3596400,72.2453,-72.2453
3596580,3600000,418.7146,-418.7146
3600178,3603600,-48.7947,48.7947
3603775,3607200,-327.4628,327.4628
3607368,3610800,201.8088,-201.8088
3610963,3614400,-182.6056,182.6056
3614561,3618000,-114.1102,114.1102
3618152,3621600,58.9801,-58.9801
3621748,3625200,236.6094,-236.6094
3625347,3628800,-95.62,95.62
3628941,3632400,307.9323,-307.9323
3632536,3636000,103.5507,-103.5507
3636131,3639600,290.301,-290.301
3639728,3643200,327.2593,-327.2593
3643321,3646800,-246.8865,246.8865
3646920,3650400,79.3837,-79.3837
3650518,3654000,-189.1814,189.1814
3654118,3657600,-124.1005,124.1005
3657715,3661200,-205.9574,205.9574
3661313,3664800,456.5779,-456.5779
3664911,3668400,371.0487,-371.0487
3668506,3672000,155.9358,-155.9358
3672104,3675600,-259.171,259.171
3675701,3679200,-251.9575,251.9575
3679299,3682800,323.711,-323.711
3682898,3686400,85.614,-85.614
3686493,3690000,-5.0794,5.0794
3690091,3693600,-317.1496,317.1496
3693690,3697200,-318.0944,318.0944
3697288,3700800,-7.7452,7.7452
3700884,3704400,-206.406,206.406
3704482,3708000,570.0212,-570.0212
3708079,3711600,174.7106,-174.7106
3711678,3715200,469.9249,-469.9249
3715277,3718800,548.8768,-548.8768
3718876,3722400,-346.4972,346.4972
3722472,3726000,-187.554,187.554
3726069,3729600,-395.0082,395.0082
3729663,3733200,178.9708,-178.9708
3733256,3736800,-172.753,172.753
3736855,3740400,687.8135,-687.8135
3740454,3744000,128.3062,-128.3062
3744051,3747600,276.9721,-276.9721
3747651,3751200,127.5124,-127.5124
3751248,3754800,-330.8265,330.8265
3754846,3758400,650.1586,-650.1586
3758439,3762000,221.7864,-221.7864
3762034,3765600,-70.8665,70.8665
3765630,3769200,-591.5152,591.5152
3769226,3772800,-118.3979,118.3979
3772825,3776400,185.1133,-185.1133
3776420,3780000,17.7218,-17.7218
3780019,3783600,-387.5845,387.5845
3783616,3787200,-545.9118,545.9118
3787214,3790800,80.8031,-80.8031
3790808,3794400,235.372,-235.372
3794404,3798000,-28.8715,28.8715
3798002,3801600,-161.0597,161.0597
3801593,3805200,139.4493,-139.4493
3805186,3808800,45.2623,-45.2623
3808786,3812400,512.4789,-512.4789
3812383,3816000,238.6591,-238.6591
3815981,3819600,-144.8844,144.8844
3819578,3823200,-172.9331,172.9331
3823175,3826800,228.8658,-228.8658
3826770,3830400,-325.5981,325.5981
3830369,3834000,-245.4776,245.4776
3833965,3837600,119.3422,-119.3422
3837561,3841200,-80.3722,80.3722
3841154,3844800,-303.4043,303.4043
3844745,3848400,51.3895,-51.3895
3848340,3852000,-134.974,134.974
3851936,3855600,-43.0624,43.0624
3855533,3859200,202.025,-202.025
3859127,3862800,-135.0048,135.0048
3862723,3866400,315.7479,-315.7479
3866321,3870000,-314.1322,314.1322
3869921,3873600,93.3311,-93.3311
3873518,3877200,184.5119,-184.5119
3877112,3880800,82.2419,-82.2419
3880708,3884400,-88.9187,88.9187
3884304,3888000,191.6815,-191.6815
3887902,3891600,-310.6995,310.6995
3891499,3895200,56.0413,-56.0413
3895089,3898800,-78.74,78.74
3898686,3902400,309.6282,-309.6282
3902284,3906000,373.4187,-373.4187
3905882,3909600,-298.0823,298.0823
3909480,3913200,-348.2287,348.2287
3913078,3916800,-4.5213,4.5213
3916672,3920400,-536.9125,536.9125
3920268,3924000,144.9176,-144.9176
3923866,3927600,-321.4909,321.4909
3927458,3931200,-69.9135,69.9135
3931053,3934800,-99.9695,99.9695
3934651,3938400,72.7163,-72.7163
3938248,3942000,546.7673,-546.7673
3941847,3945600,-116.7252,116.7252
3945443,3949200,-84.5819,84.5819
3949038,3952800,-283.475,283.475
3952634,3956400,-53.0983,53.0983
3956226,3960000,-267.3232,267.3232
3959826,3963600,-529.4015,529.4015
3963421,3967200,-86.9259,86.9259
3967014,3970800,2.1357,-2.1357
3970607,3974400,138.8132,-138.8132
3974202,3978000,502.2463,-502.2463
3977799,3981600,560.9233,-560.9233
3981393,3985200,-147.1893,147.1893
3984992,3988800,-721.013,721.013
3988590,3992400,323.7302,-323.7302
3992186,3996000,254.4172,-254.4172
3995783,3999600,10.0088,-10.0088
3999383,4003200,139.9027,-139.9027
4002975,4006800,134.5144,-134.5144
4006571,4010400,309.5333,-309.5333
4010160,4014000,-221.4035,221.4035
4013753,4017600,335.6856,-335.6856
4017350,4021200,259.2811,-259.2811
4020948,4024800,-259.1705,259.1705
4024547,4028400,-365.6162,365.6162
4028141,4032000,-466.5666,466.5666
4031738,4035600,66.8087,-66.8087
4035334,4039200,-217.5637,217.5637
4038930,4042800,89.5723,-89.5723
4042525,4046400,263.4279,-263.4279
4046120,4050000,34.9725,-34.9725
4049714,4053600,116.8426,-116.8426
4053309,4057200,357.4528,-357.4528
4056908,4060800,653.7812,-653.7812
4060505,4064400,-41.0019,41.0019
4064103,4068000,-34.5688,34.5688
4067702,4071600,-216.7468,216.7468
4071295,4075200,36.9477,-36.9477
4074894,4078800,501.9539,-501.9539
4078494,4082400,578.0832,-578.0832
4082091,4086000,444.5873,-444.5873
4085688,4089600,-261.422,261.422
4089278,4093200,-4.6137,4.6137
4092870,4096800,133.1145,-133.1145
4096467,4100400,224.3356,-224.3356
4100064,4104000,-110.8547,110.8547
4103661,4107600,366.0325,-366.0325
4107257,4111200,-145.4653,145.4653
4110850,4114800,-80.419,80.419
4114449,4118400,143.3728,-143.3728
4118042,4122000,-357.749,357.749
4121637,4125600,87.0597,-87.0597
4125229,4129200,28.111,-28.111
4128823,4132800,-223.0009,223.0009
4132420,4136400,118.3186,-118.3186
4136014,4140000,58.296,-58.296
4139611,4143600,40.7038,-40.7038
4143208,4147200,250.7522,-250.7522
4146807,4150800,-492.6687,492.6687
4150403,4154400,498.9193,-498.9193
4154002,4158000,105.5729,-105.5729
4157601,4161600,-286.5497,286.5497
4161195,4165200,-225.2149,225.2149
4164790,4168800,89.9862,-89.9862
4168385,4172400,-141.3148,141.3148
4171985,4176000,120.5469,-120.5469
4175582,4179600,495.5122,-495.5122
4179179,4183200,794.8939,-794.8939
4182774,4186800,184.2913,-184.2913
4186368,4190400,-25.2103,25.2103
4189963,4194000,-3.0838,3.0838
4193559,4197600,-514.2448,514.2448
4197157,4201200,-275.9924,275.9924
4200752,4204800,-40.0258,40.0258
4204350,4208400,199.8375,-199.8375
4207944,4212000,-331.0764,331.0764
4211539,4215600,-430.5511,430.5511
4215139,4219200,-270.8684,270.8684
4218737,4222800,319.2206,-319.2206
4222331,4226400,282.8412,-282.8412
4225925,4230000,-127.8005,127.8005
4229521,4233600,-84.1305,84.1305
4233118,4237200,385.0084,-385.0084
4236718,4240800,169.32,-169.32
4240312,4244400,177.9,-177.9
4243910,4248000,-32.9797,32.9797
4247508,4251600,33.4697,-33.4697
4251102,4255200,83.8381,-83.8381
4254699,4258800,-386.1768,386.1768
4258295,4262400,-170.4519,170.4519
4261883,4266000,60.0939,-60.0939
4265481,4269600,-19.6183,19.6183
4269080,4273200,415.5812,-415.5812
4272677,4276800,-40.0873,40.0873
4276271,4280400,323.4897,-323.4897
4279869,4284000,-87.4976,87.4976
4283467,4287600,361.4121,-361.4121
4287065,4291200,432.7147,-432.7147
4290663,4294800,50.7956,-50.7956
4294262,4298400,-63.6888,63.6888
4297859,4302000,-58.7745,58.7745
4301457,4305600,-229.0627,229.0627
4305055,4309200,166.8992,-166.8992
4308649,4312800,165.1214,-165.1214
4312248,4316400,-224.4439,224.4439
4315845,4320000,197.6944,-197.6944
4319441,4323600,264.8291,-264.8291
4323032,4327200,195.0365,-195.0365
4326629,4330800,-135.6017,135.6017
4330225,4334400,127.0009,-127.0009
4333824,4338000,-105.1206,105.1206
4337420,4341600,-474.9654,474.9654
4341012,4345200,-460.7062,460.7062
4344611,4348800,-56.7198,56.7198
4348211,4352400,137.145,-137.145
4351806,4356000,-19.7756,19.7756
4355402,4359600,93.3128,-93.3128
4358999,4363200,-142.6934,142.6934
4362594,4366800,305.9373,-305.9373
4366192,4370400,598.1908,-598.1908
4369788,4374000,446.748,-446.748
4373385,4377600,115.906,-115.906
4376978,4381200,299.4921,-299.4921
4380576,4384800,-30.4647,30.4647
4384174,4388400,-188.5975,188.5975
4387767,4392000,-565.716,565.716
4391360,4395600,193.0129,-193.0129
4394956,4399200,337.6539,-337.6539
4398555,4402800,39.9672,-39.9672
4402150,4406400,45.7162,-45.7162
4405749,4410000,-42.7756,42.7756
4409344,4413600,-62.555,62.555
4412943,4417200,283.1412,-283.1412
4416541,4420800,393.2059,-393.2059
4420137,4424400,-356.6991,356.6991
4423732,4428000,-123.7264,123.7264
4427327,4431600,-163.9744,163.9744
4430923,4435200,-219.6484,219.6484
4434520,4438800,-450.9511,450.9511
4438115,4442400,217.9494,-217.9494
4441714,4446000,236.8256,-236.8256
4445307,4449600,234.3527,-234.3527
4448905,4453200,-149.8169,149.8169
4452504,4456800,-215.8123,215.8123
4456099,4460400,-267.5955,267.5955
4459691,4464000,-269.6799,269.6799
4463288,4467600,5.7983,-5.7983
4466883,4471200,-254.5161,254.5161
4470477,4474800,-133.6508,133.6508
4474077,4478400,-341.3835,341.3835
4477673,4482000,334.1973,-334.1973
4481271,4485600,-382.3066,382.3066
4484871,4489200,405.0727,-405.0727
4488467,4492800,-499.572,499.572
4492063,4496400,-51.2132,51.2132
4495662,4500000,-103.3317,103.3317
4499255,4503600,-80.8715,80.8715
4502852,4507200,-194.8014,194.8014
4506448,4510800,278.898,-278.898
4510047,4514400,57.7535,-57.7535
4513641,4518000,-162.147,162.147
4517233,4521600,29.369,-29.369
4520831,4525200,137.8353,-137.8353
4524426,4528800,50.2523,-50.2523
4528022,4532400,4.3068,-4.3068
4531619,4536000,-338.3366,338.3366
4535218,4539600,9.9579,-9.9579
4538816,4543200,-309.8721,309.8721
4542406,4546800,-166.0482,166.0482
4546006,4550400,-488.7013,488.7013
4549599,4554000,47.4489,-47.4489
4553197,4557600,-535.4335,535.4335
4556788,4561200,135.1704,-135.1704
4560382,4564800,31.7278,-31.7278
4563979,4568400,-268.7985,268.7985
4567574,4572000,-208.459,208.459
4571169,4575600,121.0695,-121.0695
4574767,4579200,-23.5111,23.5111
4578363,4582800,-311.7875,311.7875
4581963,4586400,-139.1332,139.1332
4585560,4590000,53.5363,-53.5363
4589155,4593600,297.6771,-297.6771
4592749,4597200,33.2217,-33.2217
4596343,4600800,-164.278,164.278
4599934,4604400,-231.745,231.745
4603532,4608000,552.7713,-552.7713
4607130,4611600,-265.4377,265.4377
4610730,4615200,-30.1452,30.1452
4614328,4618800,177.0236,-177.0236
4617927,4622400,-168.5949,168.5949
4621523,4626000,-418.6441,418.6441
4625121,4629600,22.1883,-22.1883
4628720,4633200,412.639,-412.639
4632318,4636800,-157.1938,157.1938
4635914,4640400,-340.1297,340.1297
4639512,4644000,-307.8982,307.8982
4643107,4647600,-209.2412,209.2412
4646707,4651200,7.0859,-7.0859
4650307,4654800,-59.9207,59.9207
4653904,4658400,18.4764,-18.4764
4657503,4662000,176.9497,-176.9497
4661102,4665600,-274.7046,274.7046
4664701,4669200,-168.6009,168.6009
4668296,4672800,139.9942,-139.9942
4671890,4676400,153.5515,-153.5515
4675489,4680000,256.1823,-256.1823
4679088,4683600,166.0032,-166.0032
4682684,4687200,-122.2632,122.2632
4686281,4690800,-11.549,11.549
4689879,4694400,-77.3412,77.3412
4693478,4698000,290.9959,-290.9959
4697074,4701600,296.6709,-296.6709
4700664,4705200,24.4525,-24.4525
4704258,4708800,17.4941,-17.4941
4707854,4712400,220.4866,-220.4866
4711450,4716000,-300.4808,300.4808
4715046,4719600,-84.7156,84.7156
4718644,4723200,-110.3487,110.3487
4722240,4726800,-33.9517,33.9517
4725839,4730400,-121.974,121.974
4729434,4734000,-195.5715,195.5715
4733033,4737600,225.5915,-225.5915
4736631,4741200,67.9892,-67.9892
4740223,4744800,-206.4151,206.4151
4743820,4748400,-15.1422,15.1422
4747415,4752000,-35.2905,35.2905
4751015,4755600,351.7794,-351.7794
4754613,4759200,345.8402,-345.8402
4758200,4762800,90.5204,-90.5204
4761793,4766400,-192.5936,192.5936
4765388,4770000,312.5069,-312.5069
4768985,4773600,-474.0971,474.0971
4772585,4777200,65.8153,-65.8153
4776181,4780800,-405.8271,405.8271
4779777,4784400,327.5684,-327.5684
4783369,4788000,-68.4664,68.4664
4786960,4791600,17.2088,-17.2088
4790548,4795200,-78.9064,78.9064
4794145,4798800,88.7542,-88.7542
4797743,4802400,-290.6243,290.6243
4801339,4806000,-343.493,343.493
4804934,4809600,321.2849,-321.2849
4808531,4813200,-209.5178,209.5178
4812125,4816800,-73.0867,73.0867
4815716,4820400,-333.4058,333.4058
4819315,4824000,-366.0101,366.0101
4822915,4827600,423.945,-423.945
4826514,4831200,31.9269,-31.9269
4830109,4834800,-408.7537,408.7537
4833709,4838400,417.8767,-417.8767
4837302,4842000,127.7106,-127.7106
4840896,4845600,311.7746,-311.7746
4844493,4849200,-309.2626,309.2626
4848087,4852800,-161.4414,161.4414
4851681,4856400,-86.3338,86.3338
4855281,4860000,-318.3918,318.3918
4858875,4863600,-381.9337,381.9337
4862473,4867200,75.5858,-75.5858
4866070,4870800,-162.5761,162.5761
4869665,4874400,410.0608,-410.0608
4873263,4878000,68.2025,-68.2025
4876862,4881600,-374.0769,374.0769
4880461,4885200,-243.7786,243.7786
4884060,4888800,-5.7048,5.7048
4887657,4892400,551.7305,-551.7305
4891255,4896000,631.5656,-631.5656
4894854,4899600,-215.7465,215.7465
4898451,4903200,31.1341,-31.1341
4902043,4906800,209.3205,-209.3205
4905636,4910400,-63.3896,63.3896
4909229,4914000,159.913,-159.913
4912824,4917600,36.6818,-36.6818
4916419,4921200,-197.2232,197.2232
4920015,4924800,448.9552,-448.9552
4923614,4928400,-74.4428,74.4428
4927211,4932000,301.1177,-301.1177
4930808,4935600,38.1062,-38.1062
4934408,4939200,183.0064,-183.0064
4938001,4942800,106.4329,-106.4329
4941599,4946400,536.8565,-536.8565
4945197,4950000,35.2165,-35.2165
4948793,4953600,-200.2738,200.2738
4952392,4957200,392.7278,-392.7278
4955985,4960800,30.2181,-30.2181
4959583,4964400,62.0259,-62.0259
4963182,4968000,-261.0364,261.0364
4966774,4971600,331.2506,-331.2506
4970372,4975200,-300.1388,300.1388
4973970,4978800,58.0959,-58.0959
4977564,4982400,-255.4435,255.4435
4981161,4986000,-311.5845,311.5845
4984752,4989600,-60.0598,60.0598
4988352,4993200,-126.3971,126.3971
4991951,4996800,607.6264,-607.6264
4995550,5000400,379.8574,-379.8574
4999149,5004000,-200.2296,200.2296
5002744,5007600,-182.4263,182.4263
5006342,5011200,-232.8716,232.8716
5009941,5014800,213.9159,-213.9159
5013534,5018400,338.6831,-338.6831
5017129,5022000,-163.1638,163.1638
5020727,5025600,-358.7514,358.7514
5024321,5029200,-102.0385,102.0385
5027916,5032800,52.2195,-52.2195
5031511,5036400,338.8615,-338.8615
5035107,5040000,-0.078,0.078
5038696,5043600,185.5389,-185.5389
5042286,5047200,184.8648,-184.8648
5045881,5050800,-281.8181,281.8181
5049479,5054400,69.8411,-69.8411
5053076,5058000,158.0983,-158.0983
5056673,5061600,-384.9918,384.9918
5060270,5065200,269.7258,-269.7258
5063867,5068800,-282.1169,282.1169
5067464,5072400,-175.0808,175.0808
5071061,5076000,269.7184,-269.7184
5074656,5079600,518.8322,-518.8322
5078256,5083200,180.1901,-180.1901
5081852,5086800,-343.0923,343.0923
5085442,5090400,392.7053,-392.7053
5089035,5094000,-295.8422,295.8422
5092633,5097600,274.8715,-274.8715
5096228,5101200,-33.2429,33.2429
5099828,5104800,-471.465,471.465
5103427,5108400,132.3537,-132.3537
5107020,5112000,-57.8849,57.8849
5110615,5115600,-120.969,120.969
5114212,5119200,-431.691,431.691
5117811,5122800,248.811,-248.811
5121407,5126400,-19.354,19.354
5125002,5130000,45.6841,-45.6841
5128596,5133600,-233.6128,233.6128
5132196,5137200,125.8933,-125.8933
5135795,5140800,30.9963,-30.9963
5139390,5144400,-218.37,218.37
5142979,5148000,-279.9503,279.9503
5146575,5151600,-279.0381,279.0381
5150171,5155200,140.9228,-140.9228
5153770,5158800,-553.6978,553.6978
5157365,5162400,-430.2067,430.2067
5160961,5166000,-152.6417,152.6417
5164557,5169600,-125.0349,125.0349
5168152,5173200,-261.9215,261.9215
5171749,5176800,46.1221,-46.1221
5175346,5180400,323.8507,-323.8507
5178937,5184000,161.9713,-161.9713
5182535,5187600,77.7353,-77.7353
5186131,5191200,189.0675,-189.0675
5189731,5194800,375.522,-375.522
5193330,5198400,328.4575,-328.4575
5196927,5202000,-421.6085,421.6085
5200525,5205600,-506.6306,506.6306
5204120,5209200,162.7528,-162.7528
5207713,5212800,161.8052,-161.8052
5211311,5216400,220.8799,-220.8799
5214908,5220000,-298.7693,298.7693
5218499,5223600,-76.7176,76.7176
5222098,5227200,-576.7696,576.7696
5225694,5230800,231.7444,-231.7444
5229290,5234400,314.5091,-314.5091
5232890,5238000,328.1388,-328.1388
5236485,5241600,469.7643,-469.7643
5240080,5245200,-44.6725,44.6725
5243674,5248800,70.9587,-70.9587
5247268,5252400,41.4925,-41.4925
5250864,5256000,250.1796,-250.1796
5254460,5259600,337.3892,-337.3892
5258054,5263200,200.9179,-200.9179
5261650,5266800,134.0337,-134.0337
5265240,5270400,74.4469,-74.4469
5268837,5274000,-477.7862,477.7862
5272437,5277600,579.1187,-579.1187
5276028,5281200,18.8669,-18.8669
5279618,5284800,96.093,-96.093
5283217,5288400,-502.9075,502.9075
5286812,5292000,-177.6249,177.6249
5290407,5295600,246.885,-246.885
5294006,5299200,-11.9319,11.9319
5297601,5302800,-101.6335,101.6335
5301195,5306400,122.7585,-122.7585
5304793,5310000,-36.7069,36.7069
5308390,5313600,-119.9384,119.9384
5311985,5317200,-280.1727,280.1727
5315577,5320800,224.7504,-224.7504
5319172,5324400,-233.5614,233.5614
5322769,5328000,-283.5827,283.5827
5326363,5331600,-209.9097,209.9097
5329960,5335200,-301.9707,301.9707
5333558,5338800,150.4014,-150.4014
5337152,5342400,152.8672,-152.8672
5340750,5346000,58.3641,-58.3641
5344347,5349600,262.7805,-262.7805
5347944,5353200,-120.739,120.739
5351540,5356800,685.4231,-685.4231
5355134,5360400,-177.623,177.623
5358726,5364000,320.3969,-320.3969
5362324,5367600,463.9662,-463.9662
5365922,5371200,93.7421,-93.7421
5369520,5374800,272.1871,-272.1871
5373118,5378400,-31.6721,31.6721
5376714,5382000,233.3278,-233.3278
5380310,5385600,-175.8482,175.8482
5383904,5389200,-92.0043,92.0043
5387501,5392800,6.8905,-6.8905
5391099,5396400,-73.181,73.181
5394694,5400000,-584.3016,584.3016
